-- MySQL dump 10.13  Distrib 8.0.35, for Linux (x86_64)
--
-- Host: localhost    Database: trackitsellit
-- ------------------------------------------------------
-- Server version	8.0.35-0ubuntu0.23.04.1

/*!40101 SET @OLD_CHARACTER_SET_CLIENT=@@CHARACTER_SET_CLIENT */;
/*!40101 SET @OLD_CHARACTER_SET_RESULTS=@@CHARACTER_SET_RESULTS */;
/*!40101 SET @OLD_COLLATION_CONNECTION=@@COLLATION_CONNECTION */;
/*!50503 SET NAMES utf8mb4 */;
/*!40103 SET @OLD_TIME_ZONE=@@TIME_ZONE */;
/*!40103 SET TIME_ZONE='+00:00' */;
/*!40014 SET @OLD_UNIQUE_CHECKS=@@UNIQUE_CHECKS, UNIQUE_CHECKS=0 */;
/*!40014 SET @OLD_FOREIGN_KEY_CHECKS=@@FOREIGN_KEY_CHECKS, FOREIGN_KEY_CHECKS=0 */;
/*!40101 SET @OLD_SQL_MODE=@@SQL_MODE, SQL_MODE='NO_AUTO_VALUE_ON_ZERO' */;
/*!40111 SET @OLD_SQL_NOTES=@@SQL_NOTES, SQL_NOTES=0 */;

--
-- Table structure for table `categorias`
--

DROP TABLE IF EXISTS `categorias`;
/*!40101 SET @saved_cs_client     = @@character_set_client */;
/*!50503 SET character_set_client = utf8mb4 */;
CREATE TABLE `categorias` (
  `id_categoria` int NOT NULL AUTO_INCREMENT,
  `nombre_categoria` varchar(255) DEFAULT NULL,
  `id_usuario` int DEFAULT NULL,
  PRIMARY KEY (`id_categoria`)
) ENGINE=InnoDB AUTO_INCREMENT=43 DEFAULT CHARSET=utf8mb4 COLLATE=utf8mb4_0900_ai_ci;
/*!40101 SET character_set_client = @saved_cs_client */;

--
-- Dumping data for table `categorias`
--

LOCK TABLES `categorias` WRITE;
/*!40000 ALTER TABLE `categorias` DISABLE KEYS */;
INSERT INTO `categorias` VALUES (1,'Lacteos',5),(3,'Aseo',5),(6,'Higiene',5),(8,'ETC',5),(9,'Lacteos',15),(10,'ETC',15),(11,'ETC',16),(12,'Perecibles',19),(27,'Frutas',15),(28,'ETC',19),(29,'ETC',20),(32,'ETC',21),(33,'Perecibles',21),(34,'ETC',22),(42,'ETC',23);
/*!40000 ALTER TABLE `categorias` ENABLE KEYS */;
UNLOCK TABLES;

--
-- Table structure for table `detalles_transaccion`
--

DROP TABLE IF EXISTS `detalles_transaccion`;
/*!40101 SET @saved_cs_client     = @@character_set_client */;
/*!50503 SET character_set_client = utf8mb4 */;
CREATE TABLE `detalles_transaccion` (
  `id_transaccion` int NOT NULL AUTO_INCREMENT,
  `medio_de_pago` int DEFAULT NULL,
  `total` int DEFAULT NULL,
  `monto_pagado_cliente` int DEFAULT NULL,
  `diferencia` varchar(255) DEFAULT NULL,
  `id_usuario` int DEFAULT NULL,
  `date_created` varchar(255) DEFAULT NULL,
  `iva` int DEFAULT NULL,
  `total_con_iva` int DEFAULT NULL,
  PRIMARY KEY (`id_transaccion`)
) ENGINE=InnoDB AUTO_INCREMENT=209 DEFAULT CHARSET=utf8mb4 COLLATE=utf8mb4_0900_ai_ci;
/*!40101 SET character_set_client = @saved_cs_client */;

--
-- Dumping data for table `detalles_transaccion`
--

LOCK TABLES `detalles_transaccion` WRITE;
/*!40000 ALTER TABLE `detalles_transaccion` DISABLE KEYS */;
INSERT INTO `detalles_transaccion` VALUES (1,1,11000,14000,'910',5,'2024-01-05',2090,13090),(2,2,1000,1190,'0',5,'2024-01-05',190,1190),(3,1,100000,119000,'0',5,'2024-01-05',19000,119000),(4,1,20000,25000,'1200',5,'2024-01-06',3800,23800),(5,1,20000,23800,'0',5,'2024-01-07',3800,23800),(6,1,1000,1190,'0',5,'2024-01-07',190,1190),(7,1,1200000,1500000,'72000',5,'2024-01-07',228000,1428000),(8,1,50000,60000,'500',5,'2024-01-07',9500,59500),(9,1,1000,1190,'0',5,'2024-01-07',190,1190),(10,1,1000,1190,'0',5,'2024-01-08',190,1190),(11,1,20000,23800,'0',15,'2024-01-12',3800,23800),(12,1,1000000,1190000,'0',15,'2024-01-12',190000,1190000),(13,1,2000,2380,'0',15,'2024-01-12',380,2380),(14,1,1000,1190,'0',15,'2024-01-12',190,1190),(15,1,2000,2380,'0',15,'2024-01-12',380,2380),(16,1,200,238,'0',15,'2024-01-12',38,238),(17,1,3000,3570,'0',15,'2024-01-12',570,3570),(18,1,2000,2380,'0',15,'2024-01-12',380,2380),(19,1,2000,2380,'0',15,'2024-01-12',380,2380),(20,1,2000,2380,'0',15,'2024-01-12',380,2380),(21,1,2000,2380,'0',15,'2024-01-12',380,2380),(22,1,2000,2380,'0',15,'2024-01-12',380,2380),(23,1,2000,2380,'0',15,'2024-01-12',380,2380),(24,1,3000,3570,'0',15,'2024-01-12',570,3570),(25,1,2000,2380,'0',15,'2024-01-12',380,2380),(26,1,6000,7140,'0',15,'2024-01-12',1140,7140),(27,1,5000,5950,'0',15,'2024-01-12',950,5950),(28,1,2000,2380,'0',15,'2024-01-12',380,2380),(29,1,2000,2380,'0',15,'2024-01-12',380,2380),(30,1,2000,2380,'0',15,'2024-01-12',380,2380),(31,1,2000,2380,'0',15,'2024-01-12',380,2380),(32,1,5000,5950,'0',15,'2024-01-12',950,5950),(33,1,2000,2380,'0',15,'2024-01-12',380,2380),(34,1,3000,3570,'0',15,'2024-01-12',570,3570),(35,1,2000,2380,'0',15,'2024-01-12',380,2380),(36,1,2000,2380,'0',15,'2024-01-12',380,2380),(37,1,2000,2380,'0',15,'2024-01-12',380,2380),(38,1,3680,5000,'620.8000000000002',15,'2024-01-12',699,4379),(39,1,16000,20000,'960',15,'2024-01-12',3040,19040),(40,1,2000,2380,'0',15,'2024-01-12',380,2380),(41,1,2000,2380,'0',15,'2024-01-12',380,2380),(42,1,2000,2380,'0',15,'2024-01-12',380,2380),(43,1,2000,2380,'0',15,'2024-01-12',380,2380),(44,1,2000,2380,'0',15,'2024-01-12',380,2380),(45,1,2000,2380,'0',15,'2024-01-12',380,2380),(46,1,2000,2380,'0',15,'2024-01-12',380,2380),(47,1,2000,2380,'0',15,'2024-01-12',380,2380),(48,1,2000,2380,'0',15,'2024-01-12',380,2380),(49,1,2000,2380,'0',15,'2024-01-12',380,2380),(50,1,2000,2380,'0',15,'2024-01-12',380,2380),(51,1,2,2,'0',15,'2024-01-12',0,2),(52,1,3000,3570,'0',15,'2024-01-12',570,3570),(53,1,2000,2380,'0',15,'2024-01-12',380,2380),(54,1,2,2,'0',15,'2024-01-12',0,2),(55,1,2,2,'0',15,'2024-01-12',0,2),(56,1,2000,2380,'0',15,'2024-01-12',380,2380),(57,1,2000,2380,'0',15,'2024-01-12',380,2380),(58,1,2000,2380,'0',15,'2024-01-13',380,2380),(59,1,2000,2380,'0',15,'2024-01-13',380,2380),(60,1,2000,2380,'0',15,'2024-01-13',380,2380),(61,1,200,238,'0',15,'2024-01-13',38,238),(62,1,10125,20000,'7951.25',15,'2024-01-13',1924,12049),(63,1,30000,35700,'0',15,'2024-01-13',5700,35700),(64,1,3400,5000,'954',15,'2024-01-13',646,4046),(65,1,200,238,'0',15,'2024-01-13',38,238),(66,1,400,476,'0',15,'2024-01-13',76,476),(67,1,300,357,'0',15,'2024-01-13',57,357),(68,1,10000,15000,'3100',15,'2024-01-13',1900,11900),(69,1,6400,7616,'0',15,'2024-01-13',1216,7616),(70,1,3200,5000,'1192',15,'2024-01-13',608,3808),(71,1,11000,15000,'1910',15,'2024-01-13',2090,13090),(72,1,5000,20000,'14050',15,'2024-01-13',950,5950),(73,1,5000,5950,'0',15,'2024-01-13',950,5950),(74,1,2000,2380,'0',15,'2024-01-13',380,2380),(75,1,3000,3570,'0',15,'2024-01-13',570,3570),(76,1,200,1000,'762',15,'2024-01-13',38,238),(77,1,3600,5000,'716',15,'2024-01-14',684,4284),(78,1,4000,5000,'240',15,'2024-01-14',760,4760),(79,1,2000,3000,'620',15,'2024-01-14',380,2380),(80,1,2000,2380,'0',15,'2024-01-14',380,2380),(81,1,2000,2380,'0',15,'2024-01-14',380,2380),(82,1,3000,3570,'0',15,'2024-01-14',570,3570),(83,1,3000,3570,'0',15,'2024-01-14',570,3570),(84,1,43500,60000,'8235',15,'2024-01-14',8265,51765),(85,1,200,238,'0',15,'2024-01-14',38,238),(86,1,1000,5000,'3810',15,'2024-01-14',190,1190),(87,1,3000,5000,'1430',15,'2024-01-14',570,3570),(88,1,3000,5000,'1430',15,'2024-01-15',570,3570),(89,1,3000,5000,'1430',15,'2024-01-15',570,3570),(90,1,3000,5000,'1430',15,'2024-01-15',570,3570),(91,4,12750,16000,'827',15,'2024-01-15',2423,15173),(92,1,11900,20000,'5839',15,'2024-01-15',2261,14161),(93,2,8500,10115,'0',15,'2024-01-15',1615,10115),(94,2,8500,15000,'4885',15,'2024-01-15',1615,10115),(95,3,8500,12000,'1885',15,'2024-01-15',1615,10115),(96,4,8500,12000,'1885',15,'2024-01-15',1615,10115),(97,5,24250,30000,'1142',15,'2024-01-15',4608,28858),(98,1,17000,24000,'3770',15,'2024-01-15',3230,20230),(99,1,13000,20000,'4530',15,'2024-01-15',2470,15470),(100,1,2000,5000,'2620',16,'2024-01-19',380,2380),(101,1,4000,5000,'240',15,'2024-01-19',760,4760),(102,3,2000,2380,'0',15,'2024-01-19',380,2380),(103,1,3500,5000,'835',15,'2024-01-19',665,4165),(104,1,4000,20000,'15240',15,'2024-01-19',760,4760),(105,5,400,2000,'1524',15,'2024-01-19',76,476),(106,1,2000,2380,'0',15,'2024-01-19',380,2380),(107,1,400,2000,'1524',15,'2024-01-19',76,476),(108,2,2000,2380,'0',15,'2024-01-19',380,2380),(109,3,2000,3000,'620',15,'2024-01-19',380,2380),(110,4,2000,2380,'0',15,'2024-01-19',380,2380),(111,5,2000,2380,'0',15,'2024-01-19',380,2380),(112,5,400,4000,'3524',15,'2024-01-19',76,476),(113,1,2000,5000,'2620',15,'2024-01-19',380,2380),(114,1,2000,2000,'-380',19,'2024-01-22',380,2380),(115,1,2000,2000,'-380',15,'2024-01-22',380,2380),(116,1,2000,2380,'0',15,'2024-01-22',380,2380),(117,1,2000,2380,'0',15,'2024-01-22',380,2380),(118,1,2000,2500,'120',15,'2024-01-22',380,2380),(119,1,14750,18000,'447',15,'2024-01-22',2803,17553),(120,1,10500,15000,'2505',15,'2024-01-22',1995,12495),(121,1,14750,18000,'447',15,'2024-01-22',2803,17553),(122,1,14750,18000,'447',15,'2024-01-22',2803,17553),(123,1,14750,18000,'447',15,'2024-01-22',2803,17553),(124,1,14750,17554,'1',15,'2024-01-22',2803,17553),(125,1,2000,3000,'620',15,'2024-01-22',380,2380),(126,1,10000,15000,'3100',19,'2024-01-22',1900,11900),(127,1,5700,10000,'3217',19,'2024-01-22',1083,6783),(128,1,5700,10000,'3217',19,'2024-01-22',1083,6783),(129,1,5000,10000,'4050',19,'2024-01-22',950,5950),(130,1,7000,9000,'670',19,'2024-01-22',1330,8330),(131,1,5000,9000,'3050',19,'2024-01-22',950,5950),(132,1,5800,9000,'2098',19,'2024-01-22',1102,6902),(133,1,6300,8000,'503',19,'2024-01-22',1197,7497),(134,1,5000,9000,'3050',19,'2024-01-22',950,5950),(135,1,7000,9000,'670',19,'2024-01-22',1330,8330),(136,1,4000,5000,'240',19,'2024-01-23',760,4760),(137,1,2000,2380,'0',15,'2024-01-26',380,2380),(138,1,29000,50000,'15490',19,'2024-01-27',5510,34510),(139,1,10000,12000,'100',19,'2024-01-27',1900,11900),(140,1,7000,9000,'670',19,'2024-01-27',1330,8330),(141,1,6000,8000,'860',19,'2024-01-27',1140,7140),(142,1,7000,9000,'670',19,'2024-01-27',1330,8330),(143,1,7000,9000,'670',19,'2024-01-27',1330,8330),(144,1,7000,10000,'1670',19,'2024-01-27',1330,8330),(145,1,6000,8000,'860',19,'2024-01-27',1140,7140),(146,2,7000,10000,'1670',19,'2024-01-27',1330,8330),(147,1,2000,5000,'2620',19,'2024-01-27',380,2380),(148,1,16000,20000,'960',21,'2024-01-27',3040,19040),(149,1,16000,20000,'960',21,'2024-01-27',3040,19040),(150,1,11000,15000,'1910',21,'2024-01-27',2090,13090),(151,1,2000,5000,'2620',21,'2024-01-27',380,2380),(152,1,4000,5000,'240',21,'2024-01-27',760,4760),(153,1,4000,5000,'240',21,'2024-01-27',760,4760),(154,1,4000,5000,'240',21,'2024-01-27',760,4760),(155,1,6000,8000,'860',21,'2024-01-27',1140,7140),(156,1,6000,9000,'1860',21,'2024-01-27',1140,7140),(157,2,6000,10000,'2860',21,'2024-01-27',1140,7140),(158,1,7000,10000,'1670',19,'2024-01-27',1330,8330),(159,1,1000,2000,'810',19,'2024-01-27',190,1190),(160,1,5000,9000,'3050',19,'2024-01-27',950,5950),(161,1,5000,9000,'3050',19,'2024-01-27',950,5950),(162,1,5000,9000,'3050',19,'2024-01-27',950,5950),(163,1,7000,9000,'670',19,'2024-01-27',1330,8330),(164,1,900,1200,'129',19,'2024-01-27',171,1071),(165,1,900,1200,'129',19,'2024-01-27',171,1071),(166,1,2000,3000,'620',19,'2024-01-27',380,2380),(167,1,2000,5000,'2620',19,'2024-01-27',380,2380),(168,1,5000,9000,'3050',19,'2024-01-27',950,5950),(169,1,5000,7000,'1050',19,'2024-01-27',950,5950),(170,1,500,600,'5',19,'2024-01-27',95,595),(171,1,7000,9000,'670',19,'2024-01-27',1330,8330),(172,1,7000,9000,'670',19,'2024-01-27',1330,8330),(173,1,900,1100,'29',19,'2024-01-27',171,1071),(174,1,5000,7000,'1050',19,'2024-01-27',950,5950),(175,1,5000,8000,'2050',19,'2024-01-27',950,5950),(176,1,5000,8900,'2950',19,'2024-01-27',950,5950),(177,1,2000,5000,'2620',15,'2024-01-27',380,2380),(178,1,2000,5000,'2620',19,'2024-01-27',380,2380),(179,1,3500,5000,'835',19,'2024-01-27',665,4165),(180,1,2000,5000,'2620',19,'2024-01-27',380,2380),(181,1,16000,50000,'30960',19,'2024-01-28',3040,19040),(182,1,5000,8000,'2050',19,'2024-01-28',950,5950),(183,1,2500,5000,'2025',19,'2024-01-28',475,2975),(184,1,3000,5000,'1430',15,'2024-01-28',570,3570),(185,1,2000,5000,'2620',19,'2024-01-28',380,2380),(186,3,7000,9000,'670',15,'2024-01-28',1330,8330),(187,1,7000,9000,'670',19,'2024-01-28',1330,8330),(188,1,4500,6000,'645',19,'2024-01-28',855,5355),(189,3,7000,10000,'1670',19,'2024-01-28',1330,8330),(190,4,12000,20000,'5720',19,'2024-01-28',2280,14280),(191,1,2000,5000,'2620',19,'2024-01-28',380,2380),(192,1,8000,20000,'10480',19,'2024-01-28',1520,9520),(193,2,8000,20000,'10480',19,'2024-01-28',1520,9520),(194,1,0,20,'20',15,'2024-01-28',0,0),(195,1,2000,5000,'2620',19,'2024-01-29',380,2380),(196,1,3000,5000,'1430',19,'2024-01-29',570,3570),(197,2,2000,6000,'3620',19,'2024-01-29',380,2380),(198,1,2000,5000,'2620',19,'2024-01-29',380,2380),(199,1,2000,5000,'2620',19,'2024-01-29',380,2380),(200,2,7000,20000,'11670',19,'2024-01-29',1330,8330),(201,2,7000,20000,'11670',15,'2024-01-29',1330,8330),(202,1,7000,20000,'11670',19,'2024-01-29',1330,8330),(203,2,5000,20000,'14050',15,'2024-01-29',950,5950),(204,2,12000,20000,'5720',15,'2024-01-29',2280,14280),(205,1,9000,20000,'9290',19,'2024-01-29',1710,10710),(206,3,9000,20000,'9290',19,'2024-01-30',1710,10710),(207,4,3500,20000,'15835',19,'2024-01-30',665,4165),(208,3,9000,20000,'9290',19,'2024-01-30',1710,10710);
/*!40000 ALTER TABLE `detalles_transaccion` ENABLE KEYS */;
UNLOCK TABLES;

--
-- Table structure for table `historial_cambios`
--

DROP TABLE IF EXISTS `historial_cambios`;
/*!40101 SET @saved_cs_client     = @@character_set_client */;
/*!50503 SET character_set_client = utf8mb4 */;
CREATE TABLE `historial_cambios` (
  `id_historial_cambios` int NOT NULL AUTO_INCREMENT,
  `descripcion` varchar(255) DEFAULT NULL,
  `date_created` varchar(255) DEFAULT NULL,
  `id_usuario` int DEFAULT NULL,
  `id_producto` int DEFAULT NULL,
  `id_proveedor` int DEFAULT NULL,
  `id_categoria` int DEFAULT NULL,
  `id_transaccion` int DEFAULT NULL,
  `id_negocio` int DEFAULT NULL,
  PRIMARY KEY (`id_historial_cambios`)
) ENGINE=InnoDB AUTO_INCREMENT=136 DEFAULT CHARSET=utf8mb4 COLLATE=utf8mb4_0900_ai_ci;
/*!40101 SET character_set_client = @saved_cs_client */;

--
-- Dumping data for table `historial_cambios`
--

LOCK TABLES `historial_cambios` WRITE;
/*!40000 ALTER TABLE `historial_cambios` DISABLE KEYS */;
INSERT INTO `historial_cambios` VALUES (1,'Se agrega un nuevo producto','2024-01-23 11:15:18',19,65,NULL,NULL,NULL,NULL),(2,'Se edita información de producto','2024-01-23 12:11:02',19,53,NULL,NULL,NULL,NULL),(3,'Se elimina producto','2024-01-23 13:30:03',19,53,NULL,NULL,NULL,NULL),(4,'Se edita categoría','2024-01-23 13:54:37',19,NULL,NULL,12,NULL,NULL),(5,'Se edita categoría','2024-01-23 13:59:46',19,NULL,NULL,12,NULL,NULL),(6,'Se elimina categoria','2024-01-23 14:13:58',19,NULL,NULL,30,NULL,NULL),(7,'Se añade categoria','2024-01-23 14:38:19',19,NULL,NULL,31,NULL,NULL),(8,'Se edita categoría','2024-01-23 14:38:44',19,NULL,NULL,31,NULL,NULL),(9,'Se elimina categoria','2024-01-23 14:39:01',19,NULL,NULL,31,NULL,NULL),(10,'Se elimina proveedor','2024-01-23 15:09:15',19,NULL,15,NULL,NULL,NULL),(11,'Se edito informacion de proveedor','2024-01-23 15:31:50',19,NULL,16,NULL,NULL,NULL),(12,'Se edito informacion de proveedor','2024-01-23 15:32:07',19,NULL,16,NULL,NULL,NULL),(13,'Se añade proveedor','2024-01-23 15:32:31',19,NULL,20,NULL,NULL,NULL),(14,'Se elimina proveedor','2024-01-23 15:32:55',19,NULL,20,NULL,NULL,NULL),(15,'Se edito informacion del negocio','2024-01-23 21:16:58',19,NULL,NULL,NULL,NULL,NULL),(16,'Se edito informacion del negocio','2024-01-23 22:18:32',19,NULL,NULL,NULL,NULL,NULL),(17,'Se realizo una venta','2024-01-23 23:00:18',19,NULL,NULL,NULL,136,NULL),(18,'Se realizo una venta','2024-01-26 00:32:28',15,NULL,NULL,NULL,137,NULL),(19,'Se realizo una venta','2024-01-27 16:04:47',19,NULL,NULL,NULL,138,NULL),(20,'Se realizo una venta','2024-01-27 16:14:07',19,NULL,NULL,NULL,139,NULL),(21,'Se realizo una venta','2024-01-27 16:14:34',19,NULL,NULL,NULL,140,NULL),(22,'Se realizo una venta','2024-01-27 16:16:35',19,NULL,NULL,NULL,141,NULL),(23,'Se realizo una venta','2024-01-27 16:17:39',19,NULL,NULL,NULL,142,NULL),(24,'Se realizo una venta','2024-01-27 16:18:08',19,NULL,NULL,NULL,143,NULL),(25,'Se realizo una venta','2024-01-27 16:19:54',19,NULL,NULL,NULL,144,NULL),(26,'Se realizo una venta','2024-01-27 16:31:57',19,NULL,NULL,NULL,145,NULL),(27,'Se agrega un nuevo producto','2024-01-27 16:34:58',19,66,NULL,NULL,NULL,NULL),(28,'Se realizo una venta','2024-01-27 16:35:30',19,NULL,NULL,NULL,146,NULL),(29,'Se realizo una venta','2024-01-27 17:34:59',19,NULL,NULL,NULL,147,NULL),(30,'Se agrega un nuevo producto','2024-01-27 18:07:01',21,67,NULL,NULL,NULL,NULL),(31,'Se edita información de producto','2024-01-27 18:07:14',21,67,NULL,NULL,NULL,NULL),(32,'Se realizo una venta','2024-01-27 18:07:43',21,NULL,NULL,NULL,148,NULL),(33,'Se realizo una venta','2024-01-27 18:08:06',21,NULL,NULL,NULL,149,NULL),(34,'Se agrega un nuevo producto','2024-01-27 18:09:01',21,68,NULL,NULL,NULL,NULL),(35,'Se realizo una venta','2024-01-27 18:09:37',21,NULL,NULL,NULL,150,NULL),(36,'Se añade proveedor','2024-01-27 18:10:54',21,NULL,21,NULL,NULL,NULL),(37,'Se edita información de producto','2024-01-27 18:11:10',21,68,NULL,NULL,NULL,NULL),(38,'Se añade categoria','2024-01-27 18:11:28',21,NULL,NULL,33,NULL,NULL),(39,'Se edita categoría','2024-01-27 18:11:39',21,NULL,NULL,33,NULL,NULL),(40,'Se agrega un nuevo producto','2024-01-27 18:12:12',21,69,NULL,NULL,NULL,NULL),(41,'Se edito informacion del negocio','2024-01-27 18:12:55',21,NULL,NULL,NULL,NULL,7),(42,'Se realizo una venta','2024-01-27 18:13:18',21,NULL,NULL,NULL,151,NULL),(43,'Se realizo una venta','2024-01-27 22:27:12',21,NULL,NULL,NULL,152,NULL),(44,'Se realizo una venta','2024-01-27 22:27:29',21,NULL,NULL,NULL,153,NULL),(45,'Se realizo una venta','2024-01-27 22:39:00',21,NULL,NULL,NULL,154,NULL),(46,'Se realizo una venta','2024-01-27 22:39:24',21,NULL,NULL,NULL,155,NULL),(47,'Se realizo una venta','2024-01-27 22:39:52',21,NULL,NULL,NULL,156,NULL),(48,'Se realizo una venta','2024-01-27 22:40:15',21,NULL,NULL,NULL,157,NULL),(49,'Se realizo una venta','2024-01-27 22:42:10',19,NULL,NULL,NULL,158,NULL),(50,'Se realizo una venta','2024-01-27 23:00:00',19,NULL,NULL,NULL,159,NULL),(51,'Se realizo una venta','2024-01-27 23:06:22',19,NULL,NULL,NULL,160,NULL),(52,'Se realizo una venta','2024-01-27 23:11:07',19,NULL,NULL,NULL,161,NULL),(53,'Se añade categoria','2024-01-27 23:12:34',19,NULL,NULL,35,NULL,NULL),(54,'Se realizo una venta','2024-01-27 23:21:03',19,NULL,NULL,NULL,162,NULL),(55,'Se realizo una venta','2024-01-27 23:22:11',19,NULL,NULL,NULL,163,NULL),(56,'Se realizo una venta','2024-01-27 23:23:08',19,NULL,NULL,NULL,164,NULL),(57,'Se realizo una venta','2024-01-27 23:23:41',19,NULL,NULL,NULL,165,NULL),(58,'Se realizo una venta','2024-01-27 23:28:38',19,NULL,NULL,NULL,166,NULL),(59,'Se realizo una venta','2024-01-27 23:28:56',19,NULL,NULL,NULL,167,NULL),(60,'Se realizo una venta','2024-01-27 23:30:43',19,NULL,NULL,NULL,168,NULL),(61,'Se realizo una venta','2024-01-27 23:35:06',19,NULL,NULL,NULL,169,NULL),(62,'Se realizo una venta','2024-01-27 23:36:02',19,NULL,NULL,NULL,170,NULL),(63,'Se realizo una venta','2024-01-27 23:38:45',19,NULL,NULL,NULL,171,NULL),(64,'Se realizo una venta','2024-01-27 23:39:19',19,NULL,NULL,NULL,172,NULL),(65,'Se realizo una venta','2024-01-27 23:41:57',19,NULL,NULL,NULL,173,NULL),(66,'Se realizo una venta','2024-01-27 23:43:49',19,NULL,NULL,NULL,174,NULL),(67,'Se realizo una venta','2024-01-27 23:47:23',19,NULL,NULL,NULL,175,NULL),(68,'Se realizo una venta','2024-01-27 23:49:03',19,NULL,NULL,NULL,176,NULL),(69,'Se realizo una venta','2024-01-27 23:49:48',15,NULL,NULL,NULL,177,NULL),(70,'Se realizo una venta','2024-01-27 23:53:31',19,NULL,NULL,NULL,178,NULL),(71,'Se realizo una venta','2024-01-27 23:57:38',19,NULL,NULL,NULL,179,NULL),(72,'Se realizo una venta','2024-01-27 23:59:03',19,NULL,NULL,NULL,180,NULL),(73,'Se realizo una venta','2024-01-28 00:08:07',19,NULL,NULL,NULL,181,NULL),(74,'Se realizo una venta','2024-01-28 00:14:01',19,NULL,NULL,NULL,182,NULL),(75,'Se realizo una venta','2024-01-28 00:15:06',19,NULL,NULL,NULL,183,NULL),(76,'Se realizo una venta','2024-01-28 00:22:27',15,NULL,NULL,NULL,184,NULL),(77,'Se realizo una venta','2024-01-28 11:39:21',19,NULL,NULL,NULL,185,NULL),(78,'Se realizo una venta','2024-01-28 11:45:19',15,NULL,NULL,NULL,186,NULL),(79,'Se elimina categoria','2024-01-28 12:19:28',19,NULL,NULL,35,NULL,NULL),(80,'Se elimina categoria','2024-01-28 12:20:10',19,NULL,NULL,35,NULL,NULL),(81,'Se elimina categoria','2024-01-28 12:33:29',19,NULL,NULL,35,NULL,NULL),(82,'Se elimina categoria','2024-01-28 12:34:13',19,NULL,NULL,35,NULL,NULL),(83,'Se elimina categoria','2024-01-28 12:34:23',19,NULL,NULL,35,NULL,NULL),(84,'Se añade categoria','2024-01-28 12:56:11',19,NULL,NULL,36,NULL,NULL),(85,'Se elimina categoria','2024-01-28 13:29:35',19,NULL,NULL,36,NULL,NULL),(86,'Se edita categoría','2024-01-28 13:34:18',19,NULL,NULL,28,NULL,NULL),(87,'Se edita categoría','2024-01-28 13:34:22',19,NULL,NULL,28,NULL,NULL),(88,'Se añade categoria','2024-01-28 13:34:28',19,NULL,NULL,37,NULL,NULL),(89,'Se añade categoria','2024-01-28 13:34:49',19,NULL,NULL,38,NULL,NULL),(90,'Se añade categoria','2024-01-28 13:34:51',19,NULL,NULL,39,NULL,NULL),(91,'Se añade categoria','2024-01-28 13:35:04',19,NULL,NULL,40,NULL,NULL),(92,'Se edita categoría','2024-01-28 14:03:56',19,NULL,NULL,37,NULL,NULL),(93,'Se elimina categoria','2024-01-28 14:03:59',19,NULL,NULL,37,NULL,NULL),(94,'Se elimina categoria','2024-01-28 14:04:07',19,NULL,NULL,38,NULL,NULL),(95,'Se elimina categoria','2024-01-28 14:04:11',19,NULL,NULL,39,NULL,NULL),(96,'Se edita categoría','2024-01-28 14:04:15',19,NULL,NULL,40,NULL,NULL),(97,'Se edita categoría','2024-01-28 14:04:19',19,NULL,NULL,40,NULL,NULL),(98,'Se elimina categoria','2024-01-28 14:04:24',19,NULL,NULL,0,NULL,NULL),(99,'Se edita categoría','2024-01-28 14:04:32',19,NULL,NULL,40,NULL,NULL),(100,'Se elimina categoria','2024-01-28 14:09:39',19,NULL,NULL,40,NULL,NULL),(101,'Se edita categoría','2024-01-28 14:10:03',19,NULL,NULL,28,NULL,NULL),(102,'Se edita información de producto','2024-01-28 14:10:12',19,60,NULL,NULL,NULL,NULL),(103,'Se agrega un nuevo producto','2024-01-28 14:11:18',19,75,NULL,NULL,NULL,NULL),(104,'Se edita información de producto','2024-01-28 14:11:28',19,75,NULL,NULL,NULL,NULL),(105,'Se edita información de producto','2024-01-28 14:11:29',19,75,NULL,NULL,NULL,NULL),(106,'Se edita información de producto','2024-01-28 14:11:30',19,75,NULL,NULL,NULL,NULL),(107,'Se edita información de producto','2024-01-28 14:11:30',19,75,NULL,NULL,NULL,NULL),(108,'Se edita información de producto','2024-01-28 14:11:30',19,75,NULL,NULL,NULL,NULL),(109,'Se edita información de producto','2024-01-28 14:11:30',19,75,NULL,NULL,NULL,NULL),(110,'Se edita información de producto','2024-01-28 14:15:43',19,75,NULL,NULL,NULL,NULL),(111,'Se añade categoria','2024-01-28 14:18:20',19,NULL,NULL,41,NULL,NULL),(112,'Se edita categoría','2024-01-28 15:09:00',19,NULL,NULL,41,NULL,NULL),(113,'Se elimina categoria','2024-01-28 15:09:08',19,NULL,NULL,41,NULL,NULL),(114,'Se realizo una venta','2024-01-28 16:28:01',19,NULL,NULL,NULL,187,NULL),(115,'Se realizo una venta','2024-01-28 16:28:50',19,NULL,NULL,NULL,188,NULL),(116,'Se realizo una venta','2024-01-28 16:29:36',19,NULL,NULL,NULL,189,NULL),(117,'Se realizo una venta','2024-01-28 17:06:35',19,NULL,NULL,NULL,190,NULL),(118,'Se realizo una venta','2024-01-28 21:18:15',19,NULL,NULL,NULL,191,NULL),(119,'Se realizo una venta','2024-01-28 21:20:39',19,NULL,NULL,NULL,192,NULL),(120,'Se realizo una venta','2024-01-28 21:30:38',19,NULL,NULL,NULL,193,NULL),(121,'Se realizo una venta','2024-01-28 22:27:11',15,NULL,NULL,NULL,194,NULL),(122,'Se realizo una venta','2024-01-29 03:04:49',19,NULL,NULL,NULL,195,NULL),(123,'Se realizo una venta','2024-01-29 09:36:10',19,NULL,NULL,NULL,196,NULL),(124,'Se realizo una venta','2024-01-29 09:37:35',19,NULL,NULL,NULL,197,NULL),(125,'Se realizo una venta','2024-01-29 16:40:46',19,NULL,NULL,NULL,198,NULL),(126,'Se realizo una venta','2024-01-29 18:33:33',19,NULL,NULL,NULL,199,NULL),(127,'Se realizo una venta','2024-01-29 19:04:37',19,NULL,NULL,NULL,200,NULL),(128,'Se realizo una venta','2024-01-29 19:10:25',15,NULL,NULL,NULL,201,NULL),(129,'Se realizo una venta','2024-01-29 19:23:11',19,NULL,NULL,NULL,202,NULL),(130,'Se realizo una venta','2024-01-29 19:24:13',15,NULL,NULL,NULL,203,NULL),(131,'Se realizo una venta','2024-01-29 19:32:32',15,NULL,NULL,NULL,204,NULL),(132,'Se realizo una venta','2024-01-29 20:31:50',19,NULL,NULL,NULL,205,NULL),(133,'Se realizo una venta','2024-01-30 10:00:02',19,NULL,NULL,NULL,206,NULL),(134,'Se realizo una venta','2024-01-30 13:30:24',19,NULL,NULL,NULL,207,NULL),(135,'Se realizo una venta','2024-01-30 13:47:29',19,NULL,NULL,NULL,208,NULL);
/*!40000 ALTER TABLE `historial_cambios` ENABLE KEYS */;
UNLOCK TABLES;

--
-- Table structure for table `medios_de_pago`
--

DROP TABLE IF EXISTS `medios_de_pago`;
/*!40101 SET @saved_cs_client     = @@character_set_client */;
/*!50503 SET character_set_client = utf8mb4 */;
CREATE TABLE `medios_de_pago` (
  `id_medios_de_pago` int NOT NULL AUTO_INCREMENT,
  `nombre_medio_pago` varchar(255) DEFAULT NULL,
  PRIMARY KEY (`id_medios_de_pago`)
) ENGINE=InnoDB AUTO_INCREMENT=6 DEFAULT CHARSET=utf8mb4 COLLATE=utf8mb4_0900_ai_ci;
/*!40101 SET character_set_client = @saved_cs_client */;

--
-- Dumping data for table `medios_de_pago`
--

LOCK TABLES `medios_de_pago` WRITE;
/*!40000 ALTER TABLE `medios_de_pago` DISABLE KEYS */;
INSERT INTO `medios_de_pago` VALUES (1,'EFECTIVO'),(2,'DEBITO'),(3,'CREDITO'),(4,'TRANSFERENCIA'),(5,'CHEQUE');
/*!40000 ALTER TABLE `medios_de_pago` ENABLE KEYS */;
UNLOCK TABLES;

--
-- Table structure for table `negocio`
--

DROP TABLE IF EXISTS `negocio`;
/*!40101 SET @saved_cs_client     = @@character_set_client */;
/*!50503 SET character_set_client = utf8mb4 */;
CREATE TABLE `negocio` (
  `id_negocio` int NOT NULL AUTO_INCREMENT,
  `razon_social` varchar(45) DEFAULT NULL,
  `rut` varchar(45) DEFAULT NULL,
  `direccion` varchar(255) DEFAULT NULL,
  `comuna` varchar(45) DEFAULT NULL,
  `id_usuario` int DEFAULT NULL,
  `giro` varchar(255) DEFAULT NULL,
  `direccion_2` varchar(255) DEFAULT NULL,
  `direccion_3` varchar(255) DEFAULT NULL,
  `direccion_4` varchar(255) DEFAULT NULL,
  `direccion_5` varchar(255) DEFAULT NULL,
  `direccion_6` varchar(255) DEFAULT NULL,
  `direccion_7` varchar(255) DEFAULT NULL,
  `direccion_8` varchar(255) DEFAULT NULL,
  `direccion_9` varchar(255) DEFAULT NULL,
  `direccion_10` varchar(255) DEFAULT NULL,
  PRIMARY KEY (`id_negocio`)
) ENGINE=InnoDB AUTO_INCREMENT=8 DEFAULT CHARSET=utf8mb4 COLLATE=utf8mb4_0900_ai_ci;
/*!40101 SET character_set_client = @saved_cs_client */;

--
-- Dumping data for table `negocio`
--

LOCK TABLES `negocio` WRITE;
/*!40000 ALTER TABLE `negocio` DISABLE KEYS */;
INSERT INTO `negocio` VALUES (1,'ORALISIS DATA SERVICE LTDA','77.752.633-2','20457 Watsica Walks','La Florida',5,NULL,NULL,NULL,NULL,NULL,NULL,NULL,NULL,NULL,NULL),(5,'EMPRESA LTDA','77888999-5','AV. DOE','LA FLORIDA',15,'VENTA DE FRUTAS Y VERDURAS',NULL,NULL,NULL,NULL,NULL,NULL,NULL,NULL,NULL),(6,'ORALISIS DATA SERVICE LTDA','17.962.399-4','20457 Watsica Walks','La Florida',19,'VENTA DE FRUTAS Y VERDURAS',NULL,NULL,NULL,NULL,NULL,NULL,NULL,NULL,NULL),(7,'INDUSTRIA LTDA','99999999-9','AV. DOE #9999','SANTIAGO',21,'VENTA AL POR MAYOR',NULL,NULL,NULL,NULL,NULL,NULL,NULL,NULL,NULL);
/*!40000 ALTER TABLE `negocio` ENABLE KEYS */;
UNLOCK TABLES;

--
-- Table structure for table `productos`
--

DROP TABLE IF EXISTS `productos`;
/*!40101 SET @saved_cs_client     = @@character_set_client */;
/*!50503 SET character_set_client = utf8mb4 */;
CREATE TABLE `productos` (
  `id_producto` int NOT NULL AUTO_INCREMENT,
  `nombre_px` varchar(255) NOT NULL,
  `precio` int NOT NULL,
  `id_categoria` varchar(255) DEFAULT NULL,
  `stock` int NOT NULL DEFAULT '0',
  `id_usuario` int NOT NULL,
  `kilogramos` float DEFAULT NULL,
  `codigo_producto` varchar(255) DEFAULT NULL,
  `id_proveedor` int DEFAULT NULL,
  `impuesto_adicional` int DEFAULT NULL,
  PRIMARY KEY (`id_producto`)
) ENGINE=InnoDB AUTO_INCREMENT=76 DEFAULT CHARSET=utf8mb4 COLLATE=utf8mb4_0900_ai_ci;
/*!40101 SET character_set_client = @saved_cs_client */;

--
-- Dumping data for table `productos`
--

LOCK TABLES `productos` WRITE;
/*!40000 ALTER TABLE `productos` DISABLE KEYS */;
INSERT INTO `productos` VALUES (4,'Crema',1000,'1',779,5,NULL,'47283994238972',NULL,NULL),(5,'Confort',2000,'6',1984,5,NULL,'4372947892397',NULL,NULL),(6,'Perfume',10000,'6',8860,5,NULL,'298173912073290',NULL,NULL),(7,'Concha',3000,'3',989,5,NULL,'2398402384902',NULL,NULL),(24,'Queso',5000,'8',960,5,NULL,'172893719820',NULL,NULL),(25,'Sandia',2000,'8',9995,5,NULL,'2723409238490',NULL,NULL),(26,'Torta',80000,'8',99,5,NULL,'192083092183091',NULL,NULL),(27,'Cafe',2000,'8',2999,5,NULL,'29034820238',NULL,NULL),(28,'Melon',2000,'10',0,15,15.507,'1118888555',2,NULL),(29,'Queso',3000,'10',19960,15,NULL,'832794279841',3,NULL),(30,'Pizza',5000,'10',962,15,NULL,'78459687564',3,NULL),(31,'Sandia',2000,'10',9995,15,NULL,'51526454325',3,NULL),(32,'Torta',80000,'10',100,15,NULL,'21357456723',3,NULL),(33,'Kuchen',10000,'10',0,15,100,'324152456452158',3,NULL),(34,'Pantalla',500,'10',100,15,NULL,'7878545123654',3,NULL),(35,'Sandalia',800,'9',0,15,200,'9898565464',3,NULL),(36,'Celular',8500,'9',0,15,544.25,'12345734234274',3,NULL),(37,'Mesa',8500,'10',0,15,55,'6567547254327',3,NULL),(38,'Silla',8500,'10',0,15,37,'13234237357',3,NULL),(39,'Ventana',5000,'9',0,15,200.2,'389299409239',3,NULL),(40,'Cilindro',8500,'10',0,15,38,'129308574937',3,NULL),(41,'PC',8500,'10',0,15,100,'938290483',3,NULL),(42,'Mate',5000,'9',0,15,5000,'82973728947',3,NULL),(43,'Azucar',1000,'9',1000,15,NULL,'3927981',3,NULL),(44,'Sal',1000,'9',0,15,100,'7849',3,NULL),(45,'Plasma',8500,'9',0,15,33.75,'2202012',3,NULL),(46,'Guitarra',8500,'10',0,15,39.35,'33556698',3,NULL),(47,'Bateria',8500,'10',3996,15,0,'998745852',3,NULL),(48,'Manzana',1000,'10',0,15,197,'87984561',3,NULL),(49,'Bananas',2000,'9',0,15,97.5,'998874578',3,NULL),(50,'Caja',2000,'11',999,16,NULL,'79879',3,NULL),(51,'Hamburgesa',1000,'10',1000,15,NULL,'0029320',2,NULL),(52,'Vienesas',2000,'10',0,15,2000,'0012909',2,NULL),(54,'Celula',1000,'9',2000,15,NULL,'90394039',1,NULL),(59,'Cortinas',1000,'10',500,15,NULL,'493043',1,NULL),(60,'Cigarrillos',5000,'12',1957,19,NULL,'00992010',16,NULL),(61,'Pizza',2000,'28',263,19,0,'2903981',NULL,NULL),(62,'Zapallo',1000,'28',0,19,190.5,'203939',NULL,NULL),(63,'Teclado',9000,'28',998,19,NULL,'329849',15,0),(64,'Mouse',2000,'28',2999,19,NULL,'23929190',16,0),(65,'Salsa',9000,'28',3000,19,NULL,'493098',16,0),(66,'Cable',2000,'12',4999,19,NULL,'8797564',16,0),(67,'Aceite',4000,'32',4984,21,NULL,'1234567890',NULL,0),(68,'Manzana',2000,'32',0,21,98.5,'9876543210',21,0),(69,'Arroz',2000,'33',1999,21,NULL,'46871438',21,0),(70,'leche',900,'28',20,19,0,'1',NULL,NULL),(71,'arroz',1200,'28',40,19,0,'2',NULL,NULL),(72,'papa',1000,'28',0,19,49.5,'3',NULL,NULL),(73,'jugo',350,'28',150,19,0,'4',NULL,NULL),(74,'bebida',1500,'28',19,19,0,'5',NULL,NULL),(75,'pixelxz',39209,'28',2000,19,NULL,'392029090',16,0);
/*!40000 ALTER TABLE `productos` ENABLE KEYS */;
UNLOCK TABLES;

--
-- Table structure for table `proveedores`
--

DROP TABLE IF EXISTS `proveedores`;
/*!40101 SET @saved_cs_client     = @@character_set_client */;
/*!50503 SET character_set_client = utf8mb4 */;
CREATE TABLE `proveedores` (
  `id_proveedor` int NOT NULL AUTO_INCREMENT,
  `nombre_proveedor` varchar(255) DEFAULT NULL,
  `telefono_proveedor` varchar(255) DEFAULT NULL,
  `rut_proveedor` varchar(255) DEFAULT NULL,
  `tipo_proveedor` varchar(255) DEFAULT NULL,
  `id_usuario` int DEFAULT NULL,
  PRIMARY KEY (`id_proveedor`)
) ENGINE=InnoDB AUTO_INCREMENT=22 DEFAULT CHARSET=utf8mb4 COLLATE=utf8mb4_0900_ai_ci;
/*!40101 SET character_set_client = @saved_cs_client */;

--
-- Dumping data for table `proveedores`
--

LOCK TABLES `proveedores` WRITE;
/*!40000 ALTER TABLE `proveedores` DISABLE KEYS */;
INSERT INTO `proveedores` VALUES (1,'CCU','12321389','1832913-4','4',15),(2,'Pepsi','123456789','12345678-7','3',15),(3,'Wendys','987654321','22555444-8','4',15),(4,'Windows','987654321','22555444-8','4',15),(6,'Apple','987654321','22555444-8','4',15),(7,'Rolex','987654321','22555444-8','4',15),(8,'Whiskas','987654321','22555444-8','4',15),(9,'Masterdog','987654321','22555444-8','4',15),(10,'Samsung','987654321','22555444-8','4',15),(11,'CTC','987654321','22555444-8','4',15),(16,'Pepsi','987654321','99888444-2','4',19),(19,'QWE','20291','0-0','3',15),(21,'Pepsi','29832981','99888444-2','3',21);
/*!40000 ALTER TABLE `proveedores` ENABLE KEYS */;
UNLOCK TABLES;

--
-- Table structure for table `registro_de_pagos`
--

DROP TABLE IF EXISTS `registro_de_pagos`;
/*!40101 SET @saved_cs_client     = @@character_set_client */;
/*!50503 SET character_set_client = utf8mb4 */;
CREATE TABLE `registro_de_pagos` (
  `id` int NOT NULL AUTO_INCREMENT,
  `orden_flow` varchar(255) DEFAULT NULL,
  `orden_comercio` varchar(255) DEFAULT NULL,
  `fecha_solicitud` varchar(255) DEFAULT NULL,
  `estado` varchar(50) DEFAULT NULL,
  `asunto` varchar(255) DEFAULT NULL,
  `pagador` varchar(255) DEFAULT NULL,
  `fecha_de_pago` date DEFAULT NULL,
  `medio_de_pago` varchar(50) DEFAULT NULL,
  `monto_del_pago` varchar(255) DEFAULT NULL,
  `impuestos` varchar(255) DEFAULT NULL,
  `balance` varchar(255) DEFAULT NULL,
  `comision` varchar(255) DEFAULT NULL,
  `token` varchar(255) DEFAULT NULL,
  `oralisis_user_id` int DEFAULT NULL,
  PRIMARY KEY (`id`)
) ENGINE=InnoDB AUTO_INCREMENT=189 DEFAULT CHARSET=utf8mb4 COLLATE=utf8mb4_0900_ai_ci;
/*!40101 SET character_set_client = @saved_cs_client */;

--
-- Dumping data for table `registro_de_pagos`
--

LOCK TABLES `registro_de_pagos` WRITE;
/*!40000 ALTER TABLE `registro_de_pagos` DISABLE KEYS */;
INSERT INTO `registro_de_pagos` VALUES (1,NULL,'1775',NULL,'1','Pago de suscripción',NULL,NULL,NULL,'5000',NULL,NULL,NULL,'656DC67CAA8783E58AFA932511EDA582FDCB51CR',5),(2,NULL,'1138',NULL,'1','Pago de suscripción',NULL,NULL,NULL,'5000',NULL,NULL,NULL,'66D0AC6F3CC3B0FC6D3D7FA86D5020607707ED8G',5),(3,NULL,'1462',NULL,'1','Pago de suscripción',NULL,NULL,NULL,'5000',NULL,NULL,NULL,'46EFB8EDAF0F917D387DB7E46F239A0B233A917C',5),(4,NULL,'1575',NULL,'1','Pago de suscripción',NULL,NULL,NULL,'5000',NULL,NULL,NULL,'86CA817F50EA8EDCD3A02F3F481994136025C93U',5),(5,NULL,'1747',NULL,'1','Pago de suscripción',NULL,NULL,NULL,'5000',NULL,NULL,NULL,'1AF2657BE62833169E2C3A13029853C2E0CE9C9B',5),(6,NULL,'1495',NULL,'1','Pago de suscripción',NULL,NULL,NULL,'5000',NULL,NULL,NULL,'8120F412BE52502940A4643522BDDCBA9EDA7DCD',5),(7,NULL,'1987',NULL,'1','Pago de suscripción',NULL,NULL,NULL,'5000',NULL,NULL,NULL,'EF9627C708614FF5F369208E8AE2DF8E190D33EM',5),(8,NULL,'1375',NULL,'1','Pago de suscripción',NULL,NULL,NULL,'5000',NULL,NULL,NULL,'7CBA4B89A64BF4DE50BA1284F02A5A6AA8B3C5FX',5),(9,NULL,'1977',NULL,'1','Pago de suscripción',NULL,NULL,NULL,'5000',NULL,NULL,NULL,'523F86F1B9DB5DBEA2D982D5C3C7F2B3E32F366F',5),(10,NULL,'1173',NULL,'1','Pago de suscripción',NULL,NULL,NULL,'5000',NULL,NULL,NULL,'8559737C088D50EAFF20E8341F9ADD7C8E758D2Q',5),(11,NULL,'1255',NULL,'1','Pago de suscripción',NULL,NULL,NULL,'5000',NULL,NULL,NULL,'88C037A00DD73C976D78D9706CFE2DCC0CC741CZ',5),(12,NULL,'1787',NULL,'1','Pago de suscripción',NULL,NULL,NULL,'5000',NULL,NULL,NULL,'14DECBFFDFF1E126A4118DC914DA376F4FB9793J',5),(13,NULL,'1932',NULL,'1','Pago de suscripción',NULL,NULL,NULL,'5000',NULL,NULL,NULL,NULL,5),(14,NULL,'1568',NULL,'1','Pago de suscripción',NULL,NULL,NULL,'5000',NULL,NULL,NULL,'175E7C58ECE3DC0EAE370BF6366FBB48C07BD2AV',5),(15,NULL,'1103',NULL,'1','Pago de suscripción',NULL,NULL,NULL,'5000',NULL,NULL,NULL,'B6E8E88CF2AD1B747F4CA20DEF990CACC34023BH',5),(16,NULL,'1539',NULL,'1','Pago de suscripción',NULL,NULL,NULL,'5000',NULL,NULL,NULL,'F0CB340F5F7CB52BFB7FB71356034A3835F60E6G',5),(17,NULL,'1143',NULL,'1','Pago de suscripción',NULL,NULL,NULL,'5000',NULL,NULL,NULL,'C193EB9EEEBF7B64944DEA492CE1BE22319FCFAK',5),(18,NULL,'1407',NULL,'1','Pago de suscripción',NULL,NULL,NULL,'5000',NULL,NULL,NULL,'2A58A912CDEC891EFC52D4FE8D80FC0A49CFBF5P',5),(19,NULL,'1242',NULL,'1','Pago de suscripción',NULL,NULL,NULL,'5000',NULL,NULL,NULL,NULL,5),(20,NULL,'1431',NULL,'1','Pago de suscripción',NULL,NULL,NULL,'5000',NULL,NULL,NULL,'D6F99FD19D7AAC539FEF6E4E842557503A56455E',5),(21,NULL,'1921',NULL,'1','Pago de suscripción',NULL,NULL,NULL,'5000',NULL,NULL,NULL,'78E49B23D829F404FF214918F069F160700DDDDX',5),(22,NULL,'1855',NULL,'1','Pago de suscripción',NULL,NULL,NULL,'5000',NULL,NULL,NULL,'C3838E5207C9C7BEFEDA9835F53FBBF9133DDDEX',5),(23,NULL,'1809',NULL,'1','Pago de suscripción',NULL,NULL,NULL,'5000',NULL,NULL,NULL,NULL,5),(24,NULL,'1282',NULL,'1','Pago de suscripción',NULL,NULL,NULL,'5000',NULL,NULL,NULL,'7FE8239783E4117D6813D4DEC5AF4A2B807E632A',5),(25,NULL,'1143',NULL,'1','Pago de suscripción',NULL,NULL,NULL,'5000',NULL,NULL,NULL,NULL,5),(26,NULL,'1546',NULL,'1','Pago de suscripción',NULL,NULL,NULL,'5000',NULL,NULL,NULL,'8CB93119F02F9A2AB1C392C1ADF6B1B47569DEEH',5),(27,NULL,'1252',NULL,'1','Pago de suscripción',NULL,NULL,NULL,'5000',NULL,NULL,NULL,'CDF352E221CF5B9BEA2E374F20356AE16C03534K',15),(28,NULL,'1700',NULL,'1','Pago de suscripción',NULL,NULL,NULL,'5000',NULL,NULL,NULL,'CF7EA2079E2562B13BFF74930E5BFD84D9270F1R',15),(29,NULL,'1503',NULL,'1','Pago de suscripción',NULL,NULL,NULL,'5000',NULL,NULL,NULL,'90E8EE80740D936AA45F19F3D31C9B51B7521BDS',15),(30,NULL,'1901',NULL,'1','Pago de suscripción',NULL,NULL,NULL,'5000',NULL,NULL,NULL,'65766F19512F9F2B7292FC4332E830E8693302CK',15),(31,NULL,'1126',NULL,'1','Pago de suscripción',NULL,NULL,NULL,'5000',NULL,NULL,NULL,'6A59726008207DC87F6EAC0976566785FF0AD5FQ',15),(32,NULL,'1781',NULL,'1','Pago de suscripción',NULL,NULL,NULL,'5000',NULL,NULL,NULL,'7A94077F2F3044B9D148F944CFC31C65F58464EI',15),(33,NULL,'1919',NULL,'1','Pago de suscripción',NULL,NULL,NULL,'20000',NULL,NULL,NULL,'F29846B3AD967FD1ECA8A6653259F7991781490M',15),(34,NULL,'1523',NULL,'1','Pago de suscripción',NULL,NULL,NULL,'20000',NULL,NULL,NULL,'F4D66C22B52A2FFD0F3F59F04E93CF0FD13462AQ',15),(35,NULL,'1582',NULL,'1','Pago de suscripción',NULL,NULL,NULL,'20000',NULL,NULL,NULL,'92FFE56F574D71C31615EE20A3E12A78D557FDDB',15),(36,NULL,'1109',NULL,'1','Pago de suscripción',NULL,NULL,NULL,'20000',NULL,NULL,NULL,'26CBC86D0A5F66D9098F53801AB54A406E70AADK',15),(37,NULL,'1263',NULL,'1','Pago de suscripción',NULL,NULL,NULL,'20000',NULL,NULL,NULL,'9CB8AA1F94914E5C22D6AA4D91FF5069BC3AE91G',15),(38,NULL,'1686',NULL,'1','Pago de suscripción',NULL,NULL,NULL,'20000',NULL,NULL,NULL,'ECED7DE5E8B2F79B2EB67665345575B2F3791E6L',15),(39,NULL,'1241',NULL,'1','Pago de suscripción',NULL,NULL,NULL,'20000',NULL,NULL,NULL,'8297A2F55E5B982151670E34F31EC625AD9065CX',15),(40,NULL,'1185',NULL,'1','Pago de suscripción',NULL,NULL,NULL,'20000',NULL,NULL,NULL,'6F0FC3FA3B4B798D3BBBB4841EF2AF0EBC10450C',15),(41,NULL,'1660',NULL,'1','Pago de suscripción',NULL,NULL,NULL,'20000',NULL,NULL,NULL,'83ACB266DF160C9AF57F457FFD774BBE4C31B31W',15),(42,NULL,'1183',NULL,'1','Pago de suscripción',NULL,NULL,NULL,'20000',NULL,NULL,NULL,'38E0B9D02A0E390F617E38B1CAFBC545C94E45EO',15),(43,NULL,'1554',NULL,'1','Pago de suscripción',NULL,NULL,NULL,'20000',NULL,NULL,NULL,'66470EF01508525F05153BC51A485A41AC8B264O',15),(44,NULL,'1763',NULL,'1','Pago de suscripción',NULL,NULL,NULL,'20000',NULL,NULL,NULL,'009AD8709CC957D6BC40C8FA9D5819440E93DA4V',15),(45,NULL,'1453',NULL,'1','Pago de suscripción',NULL,NULL,NULL,'20000',NULL,NULL,NULL,'0FDE6519082459CB0FEC740FFA3DEDED2FB7125Q',15),(46,NULL,'1195',NULL,'1','Pago de suscripción',NULL,NULL,NULL,'20000',NULL,NULL,NULL,'3F85231411E06F12C6726BD3EEBB4A6CB84C44BM',15),(47,NULL,'1426',NULL,'1','Pago de suscripción',NULL,NULL,NULL,'20000',NULL,NULL,NULL,'99DF0A178F522A99481545B4A24DC44A8A2ABA0I',15),(48,NULL,'1614',NULL,'1','Pago de suscripción',NULL,NULL,NULL,'20000',NULL,NULL,NULL,'10E4E45C33AFC8918625CCA8C8DF642640981A4K',15),(49,NULL,'1971',NULL,'1','Pago de suscripción',NULL,NULL,NULL,'20000',NULL,NULL,NULL,'D63966CF06138D02E304B23DFE035BA335F9CC7X',15),(50,NULL,'1178',NULL,'1','Pago de suscripción',NULL,NULL,NULL,'20000',NULL,NULL,NULL,'A1411616AF4521F8FC0238F6B1D5D6E37D5CA84I',15),(51,NULL,'1713',NULL,'1','Pago de suscripción',NULL,NULL,NULL,'20000',NULL,NULL,NULL,'0A2C47BF09ECAF2AA5E5A39DEF668D713D12D6DY',15),(52,NULL,'1362',NULL,'1','Pago de suscripción',NULL,NULL,NULL,'20000',NULL,NULL,NULL,'061DF9D7CC23F87A74F21402DDFABC7D4922ED2L',15),(53,NULL,'1940',NULL,'1','Pago de suscripción',NULL,NULL,NULL,'20000',NULL,NULL,NULL,NULL,15),(54,NULL,'1187',NULL,'1','Pago de suscripción',NULL,NULL,NULL,'20000',NULL,NULL,NULL,'EC14905EEF55C4BA8DCCC68FC577D0B028B1E32I',15),(55,NULL,'1605',NULL,'1','Pago de suscripción',NULL,NULL,NULL,'20000',NULL,NULL,NULL,'C89CF8B43CEAEB8DF5F473DB6FA819853DCDCCDY',15),(56,NULL,'1569',NULL,'1','Pago de suscripción',NULL,NULL,NULL,'20000',NULL,NULL,NULL,'9A2344F1F38E9607959FA9BF9E99B8E7F758453H',15),(57,NULL,'1911',NULL,'1','Pago de suscripción',NULL,NULL,NULL,'20000',NULL,NULL,NULL,'4FD1A3832841F9F614F61826FBEB419DBA50563X',15),(58,NULL,'1156',NULL,'1','Pago de suscripción',NULL,NULL,NULL,'20000',NULL,NULL,NULL,'68D80711869A569FC66FF27F3C6121C808DE00CS',15),(59,NULL,'1317',NULL,'1','Pago de suscripción',NULL,NULL,NULL,'20000',NULL,NULL,NULL,'4F31FD0ACDC1A9FCAD3CA0D0C46CD58C48404A3N',15),(60,NULL,'1305',NULL,'1','Pago de suscripción',NULL,NULL,NULL,'20000',NULL,NULL,NULL,'0C93B5A6B7F6324F2DFED9585F2CD11E354EEC6J',15),(61,NULL,'1984',NULL,'1','Pago de suscripción',NULL,NULL,NULL,'20000',NULL,NULL,NULL,'EE2C11461D793F136EC62F5BDD1FD59F77F1C6DU',15),(62,NULL,'1144',NULL,'1','Pago de suscripción',NULL,NULL,NULL,'20000',NULL,NULL,NULL,'A4888F3156ECD7CDFF6BC22947B0E9DF8154BDAE',15),(63,NULL,'1510',NULL,'1','Pago de suscripción',NULL,NULL,NULL,'20000',NULL,NULL,NULL,'CD40F71B167F92A7E26CE4C0E270A37BEDE1F30K',15),(64,NULL,'1440',NULL,'1','Pago de suscripción',NULL,NULL,NULL,'20000',NULL,NULL,NULL,'55BFE8EF6FB03C8C1D7A69113866FD83FD28094C',15),(65,NULL,'1931',NULL,'1','Pago de suscripción',NULL,NULL,NULL,'20000',NULL,NULL,NULL,'2A981204F30F8C02606C0070F59802E80355B2BH',15),(66,NULL,'1489',NULL,'1','Pago de suscripción',NULL,NULL,NULL,'20000',NULL,NULL,NULL,'936E36EDBBD5D851E72B77FF3924EC0866BE909W',15),(67,NULL,'1287',NULL,'1','Pago de suscripción',NULL,NULL,NULL,'20000',NULL,NULL,NULL,'485EEAAF133259B8FCB1DA87F7EA853BA96DFADG',15),(68,NULL,'1399',NULL,'1','Pago de suscripción',NULL,NULL,NULL,'20000',NULL,NULL,NULL,'2EEFB41868ABC09DBFF6BC7992E3754D2170A6CC',15),(69,NULL,'1457',NULL,'1','Pago de suscripción',NULL,NULL,NULL,'20000',NULL,NULL,NULL,'DA13D18D23468A03A70BA6FAFC65FB745CF2270X',15),(70,NULL,'1123',NULL,'1','Pago de suscripción',NULL,NULL,NULL,'20000',NULL,NULL,NULL,'DC12424E2FE0E0EB6DE7EE92B998D6F934B7429I',15),(71,NULL,'1673',NULL,'1','Pago de suscripción',NULL,NULL,NULL,'20000',NULL,NULL,NULL,'1D686CC3FE52D820A3EE7BFDB0133E2C6D030DFH',15),(72,NULL,'1280',NULL,'1','Pago de suscripción',NULL,NULL,NULL,'20000',NULL,NULL,NULL,'0DD1F7D4B32F8D7FB90A826F8A0673E359D211BW',15),(73,NULL,'1161',NULL,'1','Pago de suscripción',NULL,NULL,NULL,'20000',NULL,NULL,NULL,'6984A51481BB655D16F713D667ED09A07A1B786R',15),(74,NULL,'1708',NULL,'1','Pago de suscripción',NULL,NULL,NULL,'20000',NULL,NULL,NULL,'590ECFEAD62975C3BBC8460FFF2F758D6A45D3FW',15),(75,NULL,'1307',NULL,'1','Pago de suscripción',NULL,NULL,NULL,'20000',NULL,NULL,NULL,'F92BF9DBAA67309A75B44DDE300859EE1548199D',15),(76,NULL,'1646',NULL,'1','Pago de suscripción',NULL,NULL,NULL,'20000',NULL,NULL,NULL,'B6D0D949F989FD8A323CC9B098C81A8F6F52F77H',15),(77,NULL,'1836',NULL,'1','Pago de suscripción',NULL,NULL,NULL,'20000',NULL,NULL,NULL,NULL,15),(78,NULL,'1162',NULL,'1','Pago de suscripción',NULL,NULL,NULL,'20000',NULL,NULL,NULL,NULL,15),(79,NULL,'1903',NULL,'1','Pago de suscripción',NULL,NULL,NULL,'20000',NULL,NULL,NULL,NULL,15),(80,NULL,'1969',NULL,'1','Pago de suscripción',NULL,NULL,NULL,'20000',NULL,NULL,NULL,NULL,15),(81,NULL,'1535',NULL,'1','Pago de suscripción',NULL,NULL,NULL,'20000',NULL,NULL,NULL,'7F4208627A6BEB4FA142E7123783B81E94189A0A',16),(82,NULL,'1239',NULL,'1','Pago de suscripción',NULL,NULL,NULL,'20000',NULL,NULL,NULL,'0DB02D7B84E1F829563C5578B2DB6D7330051FDL',16),(83,NULL,'1493',NULL,'1','Pago de suscripción',NULL,NULL,NULL,'20000',NULL,NULL,NULL,'DB3170D4A64521029F908FCD99DA109049636E9Q',16),(84,NULL,'1300',NULL,'1','Pago de suscripción',NULL,NULL,NULL,'20000',NULL,NULL,NULL,NULL,15),(85,NULL,'1973',NULL,'1','Pago de suscripción',NULL,NULL,NULL,'20000',NULL,NULL,NULL,NULL,15),(86,NULL,'1226',NULL,'1','Pago de suscripción',NULL,NULL,NULL,'20000',NULL,NULL,NULL,NULL,15),(87,NULL,'1183',NULL,'1','Pago de suscripción',NULL,NULL,NULL,'20000',NULL,NULL,NULL,'4B129BFD8A0C94A4D3BD9B6F6E7D4C3C28F19FCF',16),(88,NULL,'1289',NULL,'1','Pago de suscripción',NULL,NULL,NULL,'20000',NULL,NULL,NULL,'DDACF819816CAAFBB396F60170931996D4BA7BAN',16),(89,NULL,'1944',NULL,'1','Pago de suscripción',NULL,NULL,NULL,'20000',NULL,NULL,NULL,NULL,15),(90,NULL,'1969',NULL,'1','Pago de suscripción',NULL,NULL,NULL,'20000',NULL,NULL,NULL,NULL,15),(91,NULL,'1229',NULL,'1','Pago de suscripción',NULL,NULL,NULL,'20000',NULL,NULL,NULL,NULL,15),(92,NULL,'1198',NULL,'1','Pago de suscripción',NULL,NULL,NULL,'20000',NULL,NULL,NULL,'946268B8F902D17BE10462CD957F93230E77512H',16),(93,NULL,'1875',NULL,'1','Pago de suscripción',NULL,NULL,NULL,'20000',NULL,NULL,NULL,'B781573A9AE96B1AC5839E1FD234C0ACC67B33DW',18),(94,NULL,'1481',NULL,'1','Pago de suscripción',NULL,NULL,NULL,'20000',NULL,NULL,NULL,'F860F7378B8EF64C32446FC40E51306C1B1F062D',18),(95,NULL,'1342',NULL,'1','Pago de suscripción',NULL,NULL,NULL,'20000',NULL,NULL,NULL,'9F55DDCE1F4E4891FFE7C08FEC5E82AEE0AA30FW',18),(96,NULL,'1536',NULL,'1','Pago de suscripción',NULL,NULL,NULL,'20000',NULL,NULL,NULL,NULL,15),(97,NULL,'1857',NULL,'1','Pago de suscripción',NULL,NULL,NULL,'20000',NULL,NULL,NULL,NULL,15),(98,NULL,'1625',NULL,'1','Pago de suscripción',NULL,NULL,NULL,'20000',NULL,NULL,NULL,NULL,15),(99,NULL,'1884',NULL,'1','Pago de suscripción',NULL,NULL,NULL,'20000',NULL,NULL,NULL,NULL,15),(100,NULL,'1622',NULL,'1','Pago de suscripción',NULL,NULL,NULL,'20000',NULL,NULL,NULL,NULL,15),(101,NULL,'1412',NULL,'1','Pago de suscripción',NULL,NULL,NULL,'20000',NULL,NULL,NULL,NULL,15),(102,NULL,'1674',NULL,'1','Pago de suscripción',NULL,NULL,NULL,'20000',NULL,NULL,NULL,NULL,15),(103,NULL,'1473',NULL,'1','Pago de suscripción',NULL,NULL,NULL,'20000',NULL,NULL,NULL,NULL,15),(104,NULL,'1328',NULL,'1','Pago de suscripción',NULL,NULL,NULL,'20000',NULL,NULL,NULL,NULL,15),(105,NULL,'1486',NULL,'1','Pago de suscripción',NULL,NULL,NULL,'20000',NULL,NULL,NULL,'42E3F0A18FE09EB159D9F7EB344171AD98904EET',19),(106,NULL,'1336',NULL,'1','Pago de suscripción',NULL,NULL,NULL,'20000',NULL,NULL,NULL,'F30225C67EFE5A2CB7B72F33836DF2E55A42EC8J',19),(107,NULL,'1161',NULL,'1','Pago de suscripción',NULL,NULL,NULL,'20000',NULL,NULL,NULL,'D77EA735C3FA9D0F199AEC2FE67EC571A31B86BO',19),(108,NULL,'1791',NULL,'1','Pago de suscripción',NULL,NULL,NULL,'20000',NULL,NULL,NULL,'DEFFD8C268538EAFFC42673678629E8EAA8845AO',19),(109,NULL,'1904',NULL,'1','Pago de suscripción',NULL,NULL,NULL,'20000',NULL,NULL,NULL,'E1B78E008D68627557FC2F3BCF32153B0D913F3Y',19),(110,NULL,'1386',NULL,'1','Pago de suscripción',NULL,NULL,NULL,'20000',NULL,NULL,NULL,'B0AE3C664B006E8C0DC3B8FB3A2323150754D9EV',19),(111,NULL,'1424',NULL,'1','Pago de suscripción',NULL,NULL,NULL,'20000',NULL,NULL,NULL,'364D00B2CFE5001AB24639FF47030DFA4802102I',19),(112,NULL,'1509',NULL,'1','Pago de suscripción',NULL,NULL,NULL,'20000',NULL,NULL,NULL,'2BAB0F384712156C1F16359D8BADB3D60E4D937E',19),(113,NULL,'1266',NULL,'1','Pago de suscripción',NULL,NULL,NULL,'20000',NULL,NULL,NULL,'44C90A8F1A6F17ABB98C3CAF5A3D7501B5472C5W',19),(114,NULL,'1978',NULL,'1','Pago de suscripción',NULL,NULL,NULL,'20000',NULL,NULL,NULL,'2DE5CFFFBEDC491E60CFEE56BB7C4CE2FA40F7BE',19),(115,NULL,'1557',NULL,'1','Pago de suscripción',NULL,NULL,NULL,'20000',NULL,NULL,NULL,'DEFEEAC2B8AE0FEC4A990E47A90D3AFD204DD70B',19),(116,NULL,'1343',NULL,'1','Pago de suscripción',NULL,NULL,NULL,'20000',NULL,NULL,NULL,'EE851F0F1EA31A44866675D5DC06B8CF257F279G',19),(117,NULL,'1702',NULL,'1','Pago de suscripción',NULL,NULL,NULL,'20000',NULL,NULL,NULL,'59C084DD2CD0FBCAEB47F580BCE97DB3B94BCD1T',19),(118,NULL,'1671',NULL,'1','Pago de suscripción',NULL,NULL,NULL,'20000',NULL,NULL,NULL,'89566B40C25EBA8359F2897FD8567E355165B23R',19),(119,NULL,'1109',NULL,'1','Pago de suscripción',NULL,NULL,NULL,'20000',NULL,NULL,NULL,'5F96182C38479F8B37B9A1F2C5596109C6E9B68V',19),(120,NULL,'1113',NULL,'1','Pago de suscripción',NULL,NULL,NULL,'20000',NULL,NULL,NULL,'D7B6D40B9CBC9A727AE732FA984A9E2603ADD99V',19),(121,NULL,'1740',NULL,'1','Pago de suscripción',NULL,NULL,NULL,'20000',NULL,NULL,NULL,'D4FB0A312BEDB40DC07ADF497143EE5C14DCDDFB',19),(122,NULL,'1965',NULL,'1','Pago de suscripción',NULL,NULL,NULL,'20000',NULL,NULL,NULL,'F724FDF5348676BD2D3BE4268B05CA0D9038D43F',19),(123,NULL,'1805',NULL,'1','Pago de suscripción',NULL,NULL,NULL,'20000',NULL,NULL,NULL,'F3CEE79CB8827D3AD2C61734EFCFBDCECD4E6A3Y',19),(124,NULL,'1861',NULL,'1','Pago de suscripción',NULL,NULL,NULL,'20000',NULL,NULL,NULL,'96F8E4F9010F2AAF9DD9F7FF75D25B7F9265FC3F',19),(125,NULL,'1235',NULL,'1','Pago de suscripción',NULL,NULL,NULL,'20000',NULL,NULL,NULL,'64F176F9051A48442482C65F856F69391143281W',19),(126,NULL,'1726',NULL,'1','Pago de suscripción',NULL,NULL,NULL,'20000',NULL,NULL,NULL,'960B49DEFED8DE518DFE12389EA48B541A6769FR',19),(127,NULL,'1314',NULL,'1','Pago de suscripción',NULL,NULL,NULL,'20000',NULL,NULL,NULL,'8187301F8AAEEDB76AA6E1B7B1AD5B51D79B25FG',19),(128,NULL,'1486',NULL,'1','Pago de suscripción',NULL,NULL,NULL,'20000',NULL,NULL,NULL,'5AF5ACBD97B8A05058F1FC0EFCE1910A1163326R',19),(129,NULL,'1722',NULL,'1','Pago de suscripción',NULL,NULL,NULL,'20000',NULL,NULL,NULL,'19288337E6DF8D304349F071F0A684BA42233A3K',19),(130,NULL,'1561',NULL,'1','Pago de suscripción',NULL,NULL,NULL,'20000',NULL,NULL,NULL,'3C085BBF53A12B1A67FF417D3E750EDE8B675F5S',19),(131,NULL,'1914',NULL,'1','Pago de suscripción',NULL,NULL,NULL,'20000',NULL,NULL,NULL,'C8F1F3AFA909A80924113F927FED5C8AE3E4952B',19),(132,NULL,'1390',NULL,'1','Pago de suscripción',NULL,NULL,NULL,'20000',NULL,NULL,NULL,'03A65566EEB0FF2140F4E7EA7E4C9F0C9DF8633M',19),(133,NULL,'1609',NULL,'1','Pago de suscripción',NULL,NULL,NULL,'20000',NULL,NULL,NULL,'659ACFDB0035E4E69D491889FD9DA646864EDF0X',19),(134,NULL,'1766',NULL,'1','Pago de suscripción',NULL,NULL,NULL,'20000',NULL,NULL,NULL,'69FA46E567431EFCAD02FF9E7D77A20F6385060T',19),(135,NULL,'1350',NULL,'1','Pago de suscripción',NULL,NULL,NULL,'20000',NULL,NULL,NULL,'5501EDE2F07D468856FD4AF93F194BFE3056EE7Y',19),(136,NULL,'1739',NULL,'1','Pago de suscripción',NULL,NULL,NULL,'20000',NULL,NULL,NULL,'0A7791CA9F42F2CEF3FBE20283F5DE5941E839CR',19),(137,NULL,'1249',NULL,'1','Pago de suscripción',NULL,NULL,NULL,'20000',NULL,NULL,NULL,'AD9EA0B24EFB82809CCE5F28F0242DE69D4B15EU',19),(138,NULL,'1176',NULL,'1','Pago de suscripción',NULL,NULL,NULL,'20000',NULL,NULL,NULL,'239E25B57420EA0B2B565F252412CAD200F998BU',19),(139,NULL,'1119',NULL,'1','Pago de suscripción',NULL,NULL,NULL,'10000',NULL,NULL,NULL,'15F219FC4EF5AF62C28F305F9549BA7E839E9ABJ',19),(140,NULL,'1215',NULL,'1','Pago de suscripción',NULL,NULL,NULL,'10000',NULL,NULL,NULL,'05889B6659DFB882630EA0AF8CB5AC5E3253F60W',19),(141,NULL,'1358',NULL,'1','Pago de suscripción',NULL,NULL,NULL,'20000',NULL,NULL,NULL,'FBF4574D4F2349A49667A6F1B8C03BFFDD1A063V',19),(142,NULL,'1405',NULL,'1','Pago de suscripción',NULL,NULL,NULL,'20000',NULL,NULL,NULL,'1A3CF8792BF506A9CE7488D55AAE38278D59D41J',19),(143,NULL,'1266',NULL,'1','Pago de suscripción',NULL,NULL,NULL,'20000',NULL,NULL,NULL,'921BDD61F69EF8B7A6BC2DBF6F418708E52C4DFL',19),(144,NULL,'1252',NULL,'1','Pago de suscripción',NULL,NULL,NULL,'20000',NULL,NULL,NULL,'07A87FCA3E65D56EFE8460CE9AC7F85FE5BF8DAE',19),(145,NULL,'1949',NULL,'1','Pago de suscripción',NULL,NULL,NULL,'20000',NULL,NULL,NULL,'0366CF8FE680370FE79793704A45D6FBDF3DDDAO',19),(146,NULL,'1290',NULL,'1','Pago de suscripción',NULL,NULL,NULL,'20000',NULL,NULL,NULL,'F1AA949764554CCF07F2C51E5E8AE86F58FFC25O',19),(147,NULL,'1816',NULL,'1','Pago de suscripción',NULL,NULL,NULL,'20000',NULL,NULL,NULL,'8772BDF37C6014BE6020A62057BE16EDF89CBBDF',19),(148,NULL,'1508',NULL,'1','Pago de suscripción',NULL,NULL,NULL,'10000',NULL,NULL,NULL,'3A42D0861EDD410F1ADF21C89A3C70856E73041S',19),(149,NULL,'1454',NULL,'1','Pago de suscripción',NULL,NULL,NULL,'10000',NULL,NULL,NULL,'8A65A6253B2FFF6FCD7809F48F05526E68914F8K',19),(150,NULL,'1669',NULL,'1','Pago de suscripción',NULL,NULL,NULL,'10000',NULL,NULL,NULL,'28027AC80F679865524FA6C3E4AD8C0AA6DAFB9S',19),(151,NULL,'1930',NULL,'1','Pago de suscripción',NULL,NULL,NULL,'10000',NULL,NULL,NULL,'142B7DDA983D0E777870CD08F1FCB4DBF1D0910X',19),(152,NULL,'1956',NULL,'1','Pago de suscripción',NULL,NULL,NULL,'20000',NULL,NULL,NULL,NULL,19),(153,NULL,'1690',NULL,'1','Pago de suscripción',NULL,NULL,NULL,'20000',NULL,NULL,NULL,'05F98D9F4869EF3B24734C17CE768BF09393422M',19),(154,NULL,'1500',NULL,'1','Pago de suscripción',NULL,NULL,NULL,'20000',NULL,NULL,NULL,'3CFFF7904FC8FC0FA18C02E28EC1956A41BFC1BC',19),(155,NULL,'1897',NULL,'1','Pago de suscripción',NULL,NULL,NULL,'20000',NULL,NULL,NULL,'9B42AD365049AE8FF06275BFB7C953584628570W',19),(156,NULL,'1424',NULL,'1','Pago de suscripción',NULL,NULL,NULL,'20000',NULL,NULL,NULL,'E0C7510FE00FF0B8FF6AA32BA9FAAF7E82FFCDFQ',19),(157,NULL,'1878',NULL,'1','Pago de suscripción',NULL,NULL,NULL,'10000',NULL,NULL,NULL,'303816795340B0F7F72DFEDB352AF356ABF55D8T',19),(158,NULL,'1118',NULL,'1','Pago de suscripción',NULL,NULL,NULL,'20000',NULL,NULL,NULL,'0DF04F3758DFD6801EF2FFCFE87CBFB5C5FA5E6T',19),(159,NULL,'1143',NULL,'1','Pago de suscripción',NULL,NULL,NULL,'20000',NULL,NULL,NULL,'380E7BF892DA67DED8CDC285F31B39B9EFEB726X',19),(160,NULL,'1190',NULL,'1','Pago de suscripción',NULL,NULL,NULL,'20000',NULL,NULL,NULL,'AB90CAB20F75B8761292BC9E15D115DC4D64F18I',19),(161,NULL,'1521',NULL,'1','Pago de suscripción',NULL,NULL,NULL,'10000',NULL,NULL,NULL,NULL,15),(162,NULL,'1479',NULL,'1','Pago de suscripción',NULL,NULL,NULL,'10000',NULL,NULL,NULL,NULL,15),(163,NULL,'1415',NULL,'1','Pago de suscripción',NULL,NULL,NULL,'20000',NULL,NULL,NULL,NULL,15),(164,NULL,'1841',NULL,'1','Pago de suscripción',NULL,NULL,NULL,'20000',NULL,NULL,NULL,NULL,15),(165,NULL,'1774',NULL,'1','Pago de suscripción',NULL,NULL,NULL,'20000',NULL,NULL,NULL,'A53ABBF8F2730DA5094C1ADEE03D9B517EBFD76H',19),(166,NULL,'1485',NULL,'1','Pago de suscripción',NULL,NULL,NULL,'20000',NULL,NULL,NULL,'B20CB98FF27F937F74035E7B53FD3ED0B88F21EH',19),(167,NULL,'1902',NULL,'1','Pago de suscripción',NULL,NULL,NULL,'20000',NULL,NULL,NULL,'CDD9FFEFE11FB47D92EBCA3D924A55F6AD11AA3D',19),(168,NULL,'1906',NULL,'1','Pago de suscripción',NULL,NULL,NULL,'10000',NULL,NULL,NULL,'5A69C6D71F267AFFC460ED753B0AE080D5E2ED5N',20),(169,NULL,'1485',NULL,'1','Pago de suscripción',NULL,NULL,NULL,'20000',NULL,NULL,NULL,'35D45F88D4D4E431178F4D801B0404E155E5FFFS',19),(170,NULL,'1502',NULL,'1','Pago de suscripción',NULL,NULL,NULL,'20000',NULL,NULL,NULL,'C1A4D1F117D1905B14853261DF6EE9512BE7E5BF',19),(171,NULL,'1829',NULL,'1','Pago de suscripción',NULL,NULL,NULL,'20000',NULL,NULL,NULL,NULL,15),(172,NULL,'1521',NULL,'1','Pago de suscripción',NULL,NULL,NULL,'20000',NULL,NULL,NULL,NULL,15),(173,NULL,'1284',NULL,'1','Pago de suscripción',NULL,NULL,NULL,'20000',NULL,NULL,NULL,NULL,15),(174,NULL,'1509',NULL,'1','Pago de suscripción',NULL,NULL,NULL,'20000',NULL,NULL,NULL,'C50DF8C17DA2E179E6109B5FAF594552C6FA13DW',19),(175,NULL,'1572',NULL,'1','Pago de suscripción',NULL,NULL,NULL,'20000',NULL,NULL,NULL,'6500C8FCDE5DFFF345EAD6E2A8995E4E75F0019M',19),(176,NULL,'1891',NULL,'1','Pago de suscripción',NULL,NULL,NULL,'20000',NULL,NULL,NULL,NULL,15),(177,NULL,'1179',NULL,'1','Pago de suscripción',NULL,NULL,NULL,'10000',NULL,NULL,NULL,'FBCFD41956EC8F8A56193164DB4230AE879ABB6M',21),(178,NULL,'1277',NULL,'1','Pago de suscripción',NULL,NULL,NULL,'20000',NULL,NULL,NULL,'964697910F298F818E1313758D3F809442628BAM',21),(179,NULL,'1281',NULL,'1','Pago de suscripción',NULL,NULL,NULL,'20000',NULL,NULL,NULL,'1C74B9D7F344E1CE6BD2A4ACCF71D4251A9289AH',19),(180,NULL,'1344',NULL,'1','Pago de suscripción',NULL,NULL,NULL,'20000',NULL,NULL,NULL,'22F1826956E51AD843F85DB59ACA4BDD9BF65F0B',19),(181,NULL,'1497',NULL,'1','Pago de suscripción',NULL,NULL,NULL,'20000',NULL,NULL,NULL,'78138B90918BA1913265E6BE9F4CF95A2C79FE8Y',19),(182,NULL,'1385',NULL,'1','Pago de suscripción',NULL,NULL,NULL,'20000',NULL,NULL,NULL,'74B50A5404F49F31AF4E70A04849FA2CF0E47B6J',19),(183,NULL,'1589',NULL,'1','Pago de suscripción',NULL,NULL,NULL,'20000',NULL,NULL,NULL,'001F52CC78EBCA29EF0960BD38782B0A844CCA5C',19),(184,NULL,'1906',NULL,'1','Pago de suscripción',NULL,NULL,NULL,'20000',NULL,NULL,NULL,'DAFFD8762DF74CF1CDD4F3B60028B9CC9CFC7A9T',19),(185,NULL,'1581',NULL,'1','Pago de suscripción',NULL,NULL,NULL,'20000',NULL,NULL,NULL,NULL,15),(186,NULL,'1408',NULL,'1','Pago de suscripción',NULL,NULL,NULL,'20000',NULL,NULL,NULL,NULL,15),(187,NULL,'1808',NULL,'1','Pago de suscripción',NULL,NULL,NULL,'20000',NULL,NULL,NULL,'1C3D4AE5D239BBEF851AA9A23756AB0FA5C9C34O',19),(188,NULL,'1737',NULL,'1','Pago de suscripción',NULL,NULL,NULL,'20000',NULL,NULL,NULL,'C5C7F3572836FFFAD95873463FA71677FA901A2Y',21);
/*!40000 ALTER TABLE `registro_de_pagos` ENABLE KEYS */;
UNLOCK TABLES;

--
-- Table structure for table `sessions`
--

DROP TABLE IF EXISTS `sessions`;
/*!40101 SET @saved_cs_client     = @@character_set_client */;
/*!50503 SET character_set_client = utf8mb4 */;
CREATE TABLE `sessions` (
  `id` varchar(128) NOT NULL,
  `data` text,
  `timestamp` int DEFAULT NULL,
  PRIMARY KEY (`id`)
) ENGINE=InnoDB DEFAULT CHARSET=utf8mb4 COLLATE=utf8mb4_0900_ai_ci;
/*!40101 SET character_set_client = @saved_cs_client */;

--
-- Dumping data for table `sessions`
--

LOCK TABLES `sessions` WRITE;
/*!40000 ALTER TABLE `sessions` DISABLE KEYS */;
INSERT INTO `sessions` VALUES ('b9qkdva04jrj320495mfk7rcq8','',1704721308);
/*!40000 ALTER TABLE `sessions` ENABLE KEYS */;
UNLOCK TABLES;

--
-- Table structure for table `suscripcion_tisi`
--

DROP TABLE IF EXISTS `suscripcion_tisi`;
/*!40101 SET @saved_cs_client     = @@character_set_client */;
/*!50503 SET character_set_client = utf8mb4 */;
CREATE TABLE `suscripcion_tisi` (
  `id` int NOT NULL AUTO_INCREMENT,
  `dia_suscripcion` int DEFAULT NULL,
  `tipo_suscripcion` int DEFAULT NULL,
  `fecha_activacion` varchar(255) DEFAULT NULL,
  `id_usuario` int DEFAULT NULL,
  `suscripciones_pagadas` int DEFAULT NULL,
  PRIMARY KEY (`id`)
) ENGINE=InnoDB AUTO_INCREMENT=5 DEFAULT CHARSET=utf8mb4 COLLATE=utf8mb4_0900_ai_ci;
/*!40101 SET character_set_client = @saved_cs_client */;

--
-- Dumping data for table `suscripcion_tisi`
--

LOCK TABLES `suscripcion_tisi` WRITE;
/*!40000 ALTER TABLE `suscripcion_tisi` DISABLE KEYS */;
INSERT INTO `suscripcion_tisi` VALUES (1,25,1,'2024-01-08 15:44:20',5,2),(2,21,1,'2024-01-10 00:35:11',15,1),(3,12,1,'2024-01-21 19:56:18',19,1),(4,6,1,'2024-01-27 18:05:42',21,1);
/*!40000 ALTER TABLE `suscripcion_tisi` ENABLE KEYS */;
UNLOCK TABLES;

--
-- Table structure for table `tipo_proveedor`
--

DROP TABLE IF EXISTS `tipo_proveedor`;
/*!40101 SET @saved_cs_client     = @@character_set_client */;
/*!50503 SET character_set_client = utf8mb4 */;
CREATE TABLE `tipo_proveedor` (
  `id_tipo_proveedor` int NOT NULL AUTO_INCREMENT,
  `nombre_tipo_proveedor` varchar(45) DEFAULT NULL,
  PRIMARY KEY (`id_tipo_proveedor`)
) ENGINE=InnoDB AUTO_INCREMENT=5 DEFAULT CHARSET=utf8mb4 COLLATE=utf8mb4_0900_ai_ci;
/*!40101 SET character_set_client = @saved_cs_client */;

--
-- Dumping data for table `tipo_proveedor`
--

LOCK TABLES `tipo_proveedor` WRITE;
/*!40000 ALTER TABLE `tipo_proveedor` DISABLE KEYS */;
INSERT INTO `tipo_proveedor` VALUES (3,'Interno'),(4,'Distribuidor');
/*!40000 ALTER TABLE `tipo_proveedor` ENABLE KEYS */;
UNLOCK TABLES;

--
-- Table structure for table `usuarios`
--

DROP TABLE IF EXISTS `usuarios`;
/*!40101 SET @saved_cs_client     = @@character_set_client */;
/*!50503 SET character_set_client = utf8mb4 */;
CREATE TABLE `usuarios` (
  `id` int NOT NULL AUTO_INCREMENT,
  `usuario` varchar(20) NOT NULL,
  `nombre` varchar(100) NOT NULL,
  `pass` varchar(255) DEFAULT NULL,
  `email` varchar(100) DEFAULT NULL,
  `numero_de_telefono` varchar(20) DEFAULT NULL,
  `estado_suscripcion` int DEFAULT NULL,
  `session` varchar(255) DEFAULT NULL,
  `fecha_nacimiento` varchar(255) DEFAULT NULL,
  `apellidos` varchar(255) DEFAULT NULL,
  `cuenta_activada` int DEFAULT NULL,
  `token_activacion` varchar(255) DEFAULT NULL,
  `token_recuperacion` varchar(255) DEFAULT NULL,
  `descuento_inicial` int DEFAULT NULL,
  PRIMARY KEY (`id`)
) ENGINE=InnoDB AUTO_INCREMENT=24 DEFAULT CHARSET=utf8mb4 COLLATE=utf8mb4_0900_ai_ci;
/*!40101 SET character_set_client = @saved_cs_client */;

--
-- Dumping data for table `usuarios`
--

LOCK TABLES `usuarios` WRITE;
/*!40000 ALTER TABLE `usuarios` DISABLE KEYS */;
INSERT INTO `usuarios` VALUES (4,'ignrv','Ignacio','$2y$10$ZfXudPvDI.DLI3vjQXICkuoRo8zKezjHorxCrZLkz0k9Kxf4Q.CIa','t@t.com','123123123',0,NULL,NULL,NULL,1,NULL,NULL,NULL),(5,'test','test','$2y$10$6bxALxLUGO3i3Apjth/ZfebhudSMsRv2QG7cJv04e1Psiw1oTZIDi','test@test.com','1234567889',1,'1',NULL,NULL,1,NULL,NULL,NULL),(6,'prueba','Prueba','$2y$10$7785mKI21PmtWvW51pzGAeO9df3o6MGv.OhsNrKcPFu2f7yPd7ETa','prueba@gmail.com','978654321',0,NULL,'2024-01-09','Testing',1,NULL,NULL,NULL),(7,'testing','tester','$2y$10$uqtCT4GThf6CBBqGcbLqie1Gao29AePpCI55jGykAdIgdYty61i2K','tester@test.com','43892389',0,NULL,'2024-01-09','testiando',1,NULL,NULL,NULL),(15,'doe','doe','$2y$10$jrP0L7N3PvV9gL5whyNZ4ugksJWyzmM7FV/UfHryuVStoqfUA2bIK','test@test.cl','1234567889',1,NULL,'2000-01-01','doe',1,'fd6a431185ea0fe06aca50b8eee968ea7dc4c27f4b72a6a7984f2d446897f51f8a1365ec46dfdd9460b80c3f15947abe95db',NULL,1),(16,'tester','Tester','$2y$10$CuKERpDVkw.0ARk8pcT8m.tm3Ihver0A2v3VJemVi4AxbnKPIxFTC','oralisisdataservice@gmail.com','+56948789623',1,NULL,'2024-01-15','Testing',1,'19047a9ce853649a3bebef27745a545df8db209b8c7a8023e1bad3a396eb111a6dde053c5beab125d8e61a5b00a8c49571ea',NULL,NULL),(17,'cdroguett','Juan Roberto Carlos','$2y$10$jOaXIB614fJlPI38lmqKKuwiXMBnm7VlcSckRNgVobw8ZBNSGRu3.','droguettcarlos17@gmail.com','911727271',0,NULL,'1978-03-17','Droguett Ivitba',0,'27110156e0a2a0c87e695e6704ac3a4c519b0ecda8a266ca643ce8dc3e7aba9943f125ba8c45877fd70251e5242a98595172',NULL,NULL),(19,'charla','Carla','$2y$10$3TpbZ.99N51zDTeeebI/mem94nm5kFyRuTU5EuiFt8CGtd/goM9WW','carlasossa42@gmail.com','1234567889',1,NULL,'2024-01-18','Sossa Bienquitado',1,'3eb2c45e64d9d9ee876ca73377b3206810de1db4bc551c1be590aaea1c6dadeb32d3b3fccfdace4ca05f12fa1d4604355463',NULL,1),(20,'VetDharma','VetDharma','$2y$10$cA7MXrY.kyXIDmMqW112Uut/Ga7UilWtobc3W1jUTZ39wwUPQeS1C','vetdharmainfo@gmail.com','99999999',0,NULL,'2000-01-01','Dharma',1,'325188ca915c2cf4154782483106c8e66ec922461e233566d652edfbb72f2cc47a01860c623a98e91e01878ec35c2c1ffcb4','691b5869b95cbac02c3b514b06b430896885d98ac1f10240c18afe767e4c85c6d736709264a8a8d70f25416f7f60172e3e00',NULL),(21,'John','John','$2y$10$D4Mi5m8ByefRisRXlBIR0.bgiBpzPV4gVNIeUYiCim2aeVfwGFFn6','nueveunocho@gmail.com','912345678',1,NULL,'2000-01-01','Doe',1,'ffa7a19514911dd91c91b2b586f5d908ff4bbd3c8b7cddd4d338105f041870fe94ce6d1277d9e0727941b790707c0b55f922',NULL,1),(22,'pepe','pepito','$2y$10$iuBqo2aqa8eRuGFyqoJY/eAMWoltMY4tJHMyRrgT4oUK3XJfru8Qu','pepito@pep.cl','84556456',0,NULL,'2008-02-20','pepito',0,'5faea88c1a61b44de73c0c495e476d690f40263ec68234f6b34ea01cd1f8ea9be38db8bfd8d93729c18ab5928a46a0e324b4',NULL,NULL),(23,'Max','Wilber','$2y$10$pb/4c5krnFYj9mUkhHteKO82VUtXMDhtUwocC5QH2mNXBuiEkTxQS','sistemas1109@gmail.com','3225440997',0,NULL,'2000-11-09','Castillo',1,'d849813a147072045b52ee36bef0e4e2df03345c38b76bcf2d7013cd0da2094fe34ed687d98978080993ed30b49cd9b5d47c',NULL,NULL);
/*!40000 ALTER TABLE `usuarios` ENABLE KEYS */;
UNLOCK TABLES;
/*!40103 SET TIME_ZONE=@OLD_TIME_ZONE */;

/*!40101 SET SQL_MODE=@OLD_SQL_MODE */;
/*!40014 SET FOREIGN_KEY_CHECKS=@OLD_FOREIGN_KEY_CHECKS */;
/*!40014 SET UNIQUE_CHECKS=@OLD_UNIQUE_CHECKS */;
/*!40101 SET CHARACTER_SET_CLIENT=@OLD_CHARACTER_SET_CLIENT */;
/*!40101 SET CHARACTER_SET_RESULTS=@OLD_CHARACTER_SET_RESULTS */;
/*!40101 SET COLLATION_CONNECTION=@OLD_COLLATION_CONNECTION */;
/*!40111 SET SQL_NOTES=@OLD_SQL_NOTES */;

-- Dump completed on 2024-02-01 14:31:24
